mean_strain,mean_stress,std_stress
1.0,0.4793527505307466,0.20600880969671856
0.9997530313364955,0.4809102082494237,0.20554574252720587
0.999547928728692,0.4846843506953802,0.20495968694455124
0.9993454712293922,0.4950207408176393,0.21379291671750614
0.9991295373323484,0.5100921713547723,0.21875157289241748
0.9989032934571059,0.5208631268148282,0.21203995863162195
0.9986629708971264,0.527614913559722,0.2073788844201961
0.9983997018315989,0.5457965572290724,0.22408849208109458
0.9981717713049967,0.5576042443712709,0.21677171707889875
0.9979521246226052,0.5642319626037092,0.21524794448928083
0.9977370417868435,0.5740653869342199,0.22109497046191234
0.9975138405654725,0.586453971532915,0.23139345768748223
0.997322826084098,0.5936061233886301,0.22563725090411058
0.9971236935929365,0.6002586191519814,0.2230308928357493
0.9968931358734827,0.6136945517909551,0.23655481745513282
0.996650938368624,0.6206002486001344,0.23744931626040489
0.9963845381881107,0.6301666543420306,0.2309685983769993
0.9961621190476141,0.636506989387454,0.23187253595162693
0.9959387416302249,0.6490323025508963,0.24529601835306147
0.995714433700553,0.6544468260580385,0.2408138818591747
0.9954968400590691,0.6588194272615984,0.23838558733456727
0.9952913337025653,0.672195315081133,0.24871655095685563
0.9951011642411598,0.6800047587660285,0.249515226302316
0.9948872622448003,0.6855531532832578,0.2486474474339741
0.9946406165090821,0.6893934897169093,0.24608900219731647
0.9943839703275041,0.7015252561119789,0.2596081989199116
0.9941486160089963,0.7119651692904037,0.2513847147937481
0.9939345479406207,0.7168063732866353,0.25035612331738316
0.9937217592659292,0.7253121198475578,0.2549263374204927
0.9934950163472224,0.7333053151485686,0.2600515750495739
0.9933067533332413,0.7429763290939696,0.25812728058964557
0.9930961121240164,0.7469987894227273,0.25500117251415705
0.9928894342414188,0.7569707508968839,0.2667091461744545
0.9926399083011588,0.762009994282531,0.2666503724251274
0.992377903716758,0.7687610575958654,0.2624263463287838
0.9921448012015589,0.7743604178664621,0.26351133739030846
0.9919302126361275,0.7826370174809104,0.2712814034588233
0.9917042894314296,0.7878873220240442,0.26794113312909845
0.991490115550193,0.7922119958867867,0.26637944990313694
0.9912940712525582,0.8041431908819825,0.27557197932242766
0.9911015363650931,0.8096837723383691,0.2759919740020977
0.9908793520684734,0.8162700741140255,0.27218687444898565
0.9906381344668612,0.8216764590161233,0.2729222740223766
0.9903709022233815,0.8292057538295992,0.2830193818726444
0.9901451487105919,0.8376163691404461,0.2778174495099721
0.9899280353940896,0.8421206348878367,0.2748709088524991
0.9897005805350679,0.8491804226191914,0.2796740733450617
0.989493758155037,0.856015042277649,0.2846201190931585
0.9892771379257211,0.8619043177457187,0.28225936030757276
0.9890929596119439,0.8651107472753509,0.2801018787875797
0.9888707415690484,0.8718203941319033,0.2881656665277346
0.9886331228501551,0.8775765581930234,0.28617731196535545
0.9883783996593721,0.8819527765543811,0.2853439507401316
0.9881484033390471,0.8883573161507108,0.2893938508200173
0.9879227622079683,0.8948309434609736,0.2925081894786848
0.9877033955245046,0.9006363008681402,0.28737594100676955
0.9874957294812955,0.9046291005029583,0.2868149632761865
0.9872837957567728,0.9163474257617685,0.2977189030383423
0.987090456304502,0.9206256191468127,0.2982750896543883
0.986874446135677,0.9272336238692543,0.2954604262045818
0.9866406152480249,0.9332701176596843,0.2946815787502782
0.9863762915002738,0.940351789195714,0.30026123727465936
0.9861415080296912,0.9448728747268631,0.29700923511159427
0.9859146838306395,0.94833702674957,0.2966668528534842
0.9857146883716339,0.9552908317574567,0.3023115948719204
0.9854924624999172,0.9588920740606907,0.3029945823214531
0.9852868370247655,0.962600384234732,0.29943124834016893
0.9850926090365817,0.9676993107240386,0.2991682721867521
0.9848654612532569,0.9775839178373844,0.3097394591276769
0.9846291016469055,0.9814143070870927,0.3064062891440207
0.9843767806528715,0.9862027005794803,0.3061827391529519
0.9841334157973057,0.9931791128236015,0.3117982522787135
0.9839191916067732,0.9993702401098763,0.31636825933946966
0.9837020313237171,1.0041476012709813,0.3118725772579765
0.9834762637331764,1.0096657563490232,0.31064335968282003
0.9832735978288859,1.0145666434489142,0.31639667634829843
0.9830732738705545,1.019040886786585,0.3166084286705172
0.9828582719580784,1.0222286879535596,0.3133277151481622
0.9826219563618079,1.031422237069685,0.31469064660651297
0.9823742713678595,1.0389922249083832,0.3226557797775254
0.9821227874349551,1.0450164203623011,0.31745667421271906
0.981911008347235,1.0484966687372073,0.3175541140603341
0.9816858351801013,1.0555911811834184,0.3233200003666389
0.9814667433945932,1.056431446939788,0.32371113281421904
0.9812689207643289,1.0614090177849869,0.3195408577823169
0.9810780625965552,1.0658626433232117,0.3193382588453557
0.9808697658919734,1.074926698190185,0.3290679036841927
0.9806151195160626,1.081700549597644,0.32273766960085837
0.9803687420184626,1.087663072511114,0.3213088398772902
0.980113852650068,1.0939722999994785,0.3265086482310828
0.9799036172810628,1.0995848628960363,0.329308305093603
0.9796707416815948,1.1021845142051305,0.32848318282748373
0.9794596367246022,1.1089097148402125,0.32828280031955676
0.9792618753799776,1.1172414761110732,0.3387457622763051
0.9790590560815843,1.124760642882716,0.3385068733602037
0.9788511270659306,1.1293538907119258,0.3376350308921431
0.9786068584649578,1.1343656436983116,0.3359501181711216
0.9783540060366925,1.138642390220237,0.3410734327611156
0.9781197389163498,1.1426854683484406,0.3367158422449905
0.9778937371672366,1.1462626565523208,0.3351332645129837
0.9776749916677265,1.1531177131523345,0.3411971633966001
0.977453343080057,1.1560709416361385,0.3412531846449642
0.9772422282083727,1.1604551177446505,0.33819844320452414
0.9770587415900713,1.170208241172056,0.3398260129882994
0.9768456443740162,1.1762919388717437,0.3468191093476776
0.976610763646217,1.1849013170035656,0.33978906509642615
0.9763528805866586,1.1899749233882895,0.3383568334670957
0.9761090086623266,1.1979717358470976,0.346165152521112
0.9758893748835017,1.2005496842094068,0.34628011350002064
0.9756716311531146,1.203944386802401,0.34209055285007817
0.9754548425857,1.211162786903178,0.34095607062092054
0.975245384958471,1.2182589270703978,0.34882280366418345
0.9750548057631679,1.222285185414843,0.3468297922925121
0.9748406532058678,1.2259151841225673,0.3474021859574335
0.9746088097879273,1.2323010953562397,0.34366654564943755
0.9743458436041522,1.2384276563758283,0.3487605361467617
0.9741125028126145,1.244445702661491,0.3433722454374067
0.9738797830753158,1.2479393345202479,0.34518521502191607
0.9736701459871874,1.2575238983942876,0.3534110616116759
0.973446824393453,1.2651588142154515,0.3527792498314571
0.9732293374332531,1.2713318557127384,0.3517046631510352
0.9730419271515323,1.2749692695939479,0.35168466969062423
0.972828754210945,1.2797562162232163,0.3581140048491419
0.9726043951964463,1.2876522908373629,0.354609761257266
0.9723482378934023,1.2919471231482758,0.3536650477706253
0.9721059412500676,1.2993127415714125,0.3602454766833326
0.9718818845990248,1.302182051994314,0.360108647767846
0.9716591165042828,1.3067698740868274,0.3549309780736434
0.9714389695372467,1.3106990117444086,0.3557648919137257
0.9712368675476797,1.3186117252844243,0.3635963161641003
0.9710400700634949,1.3235865832612748,0.3600809068168201
0.9708267815289588,1.3284626928302528,0.3610248055552213
0.970581109456602,1.3346114993702962,0.36094208340167516
0.9703429305059839,1.3391045519285143,0.36359251259700154
0.9700875830709799,1.3447625101554315,0.3588986158226615
0.9698772012195843,1.3515848314773775,0.35813468566498435
0.9696538855519731,1.3570038764317665,0.36510312431022496
0.9694262365953447,1.3640189922643218,0.3603729981471983
0.969227790122651,1.3668416413516344,0.3610812118719564
0.9690309204159623,1.3739209617350956,0.3584451013138883
0.9688237505738102,1.3804388992283785,0.3655947101740336
0.9685910999061718,1.3859803849742145,0.36215072286300054
0.9683455409536723,1.391008596028579,0.35978704244107584
0.9681057102030723,1.3997887040084451,0.36798790430958417
0.9678716410357135,1.4034541508625855,0.3680489350087752
0.9676388581356901,1.4070521377238014,0.3658215384088642
0.9674275189953566,1.4125612499073497,0.3669528430917296
0.9672237715454137,1.4186196275024547,0.37447958097044226
0.9670195620929221,1.4232219182261585,0.371197692621714
0.9668091219056166,1.4272438359812467,0.3736280731451021
0.9665825163337861,1.436165013115217,0.3740254399803672
0.9663200632574379,1.4418293013682797,0.37757537891281956
0.9660788212813745,1.4481965842392948,0.37271275510228075
0.9658599763868037,1.4535147104911326,0.37345258215420457
0.9656364098263254,1.4581954935390429,0.3799236484321941
0.9654229858036668,1.46598793658229,0.3766235285222498
0.9652145065501763,1.4714520151512587,0.3775478978652781
0.9650048600171662,1.4799174304027387,0.37539890405985327
0.9647907524428413,1.4846540985386212,0.3806121710627282
0.9645672019227313,1.4907417751118863,0.3763933844648673
0.964312306324923,1.4947454262200965,0.3786620988265752
0.9640702537549003,1.5007338118118192,0.38447021761605515
0.9638387958725997,1.5038436632282568,0.38403872832813374
0.9636345557720347,1.5090019111054431,0.37917406416295796
0.9634030305514366,1.5152608601004218,0.37956071586637413
0.9632036844479532,1.5237780007084067,0.3873175271143465
0.9630089967454349,1.5312183134400628,0.3832093314893016
0.962795896019993,1.5347765115655059,0.3850165848117212
0.9625634281811822,1.544492739983376,0.38954483188437505
0.9623231331864623,1.5458410355524104,0.38928561910972387
0.9620825833829131,1.549632721213685,0.38774718909108075
0.9618615958764356,1.5557010459927332,0.38871648502182565
0.9616434457665316,1.561908631346987,0.3964023431495478
0.9614183825801036,1.5683413847741372,0.392868013521776
0.9612088340352606,1.5716876174526446,0.3940197321742238
0.961013468003893,1.5780500171606329,0.3924141529912405
0.9608047331333833,1.5828979128987901,0.3974497344171612
0.9605706438063795,1.5900056279709622,0.3927095946577457
0.960321045475444,1.5961743288788919,0.39065388379847116
0.9600595215801626,1.6059663367526207,0.39956263815477805
0.9598491574887569,1.6071032094483888,0.3991242874910318
0.9596135440434068,1.6163741657413815,0.3997958766533599
0.9594052908069066,1.620411456417109,0.39741502357306346
0.9591987870301177,1.6279651670457185,0.4041637631105891
0.9589945672067054,1.6351023619539404,0.39985866841057915
0.9587854360365378,1.6376886297791835,0.4026948930679244
0.9585596434320199,1.6470187266021663,0.4102994117332052
0.9583090789999278,1.650889989734987,0.4089951526580413
0.9580546988390097,1.6550656366964709,0.40481761999339216
0.957831429699144,1.6630624491552786,0.4052380875718697
0.957613023794821,1.6696612301253366,0.41212145857946897
0.9573974234020276,1.6752938682476708,0.4088389842635563
0.9571882783291996,1.678778276354044,0.4120821334206235
0.9570021013269483,1.6833297460106926,0.4108774922976745
0.9567799962845523,1.6902007181050154,0.4164237616554869
0.9565534837285977,1.6946467476118656,0.41349034913760474
0.9563096295426342,1.699787090557954,0.4135108580107623
0.9560666123569224,1.7063328801662778,0.419641528309253
0.9558385618369954,1.7101723123104795,0.4171303369523126
0.9556256763425057,1.7157626296865827,0.42176875230976707
0.9553957820305086,1.721834390765538,0.420531992412761
0.9552040170464359,1.7289247434802824,0.42503362790595534
0.9549949284669362,1.7353772104174296,0.42087266308280863
0.9547950728887724,1.7375022906234863,0.4234148881996486
0.9545590204347324,1.7479891545101232,0.4280987801299002
0.9543096382289995,1.750369967772466,0.42755496166063744
0.9540511241522645,1.7554068600055446,0.4236769657659936
0.9538259662595078,1.7615390276197191,0.42544730259831715
0.9536069336897451,1.7667603949004729,0.4299219154432806
0.9533888120033928,1.7735982700009485,0.4250222697243084
0.9531682190903791,1.7771946291411553,0.42798409495078066
0.9529805911789893,1.7850371698198986,0.428520898981806
0.9527739491337575,1.7909300624457656,0.4316677168945454
0.9525418749161616,1.798509635752627,0.42583818548666746
0.9522887254849729,1.8011150745141975,0.42769397110212315
0.9520375490171122,1.8092672439004103,0.4325946500369189
0.9518238223918064,1.8144273003564952,0.4292462300393111
0.9516055086180402,1.8212387702050485,0.43303917641730394
0.9513870545880835,1.8273962579238061,0.4303537570006571
0.9511771721451093,1.8328599747769951,0.43617257970279305
0.9509821290594466,1.84231920413335,0.43088247511211303
0.950770164515811,1.8474940909364053,0.430253077790428
0.950545365837661,1.856298072157735,0.43669800850745905
0.9503100489060686,1.8589700666227804,0.43471541207333597
0.9500495835312943,1.8649685802563356,0.4376122835304078
0.9498299774226939,1.8678371672476772,0.43582433600647513
0.9496216656202766,1.8771518911500202,0.443782420894634
0.9494016308771368,1.8819777222256122,0.44052265897416804
0.9491896495389259,1.88461643883892,0.4438951145275896
0.9489894967699677,1.8907390209849313,0.4443231292024809
0.9487882040401434,1.895074546321066,0.44880734971189545
0.948557636849283,1.9041606658506047,0.44199165703342524
0.9483044930325174,1.908298694370994,0.44491510964194203
0.9480475836360056,1.9165850603114956,0.45292592828693634
0.9478206353555514,1.9201949837934438,0.4499018241788226
0.947598834025941,1.927729704343616,0.45410681666437613
0.9473739122390218,1.9340358572478527,0.4543047516870882
0.947172389498348,1.938604870119819,0.4580109463682621
0.9469707458396672,1.945852750056646,0.45373812759994436
0.9467654939841612,1.9523046744201233,0.4564620384724833
0.9465383693776267,1.960277794495358,0.4629183108312241
0.9462920186597398,1.9630622825679067,0.4609484022866109
0.9460321222203696,1.9705016910101134,0.46244644587250955
0.9458087289572206,1.9727318496501882,0.46087018287036535
0.9455938030229402,1.9814410613372226,0.4681616407894959
0.9453733541941435,1.9883702696720862,0.4626337978393067
0.9451692172188931,1.9911265439138142,0.4664158468904208
0.9449696741336406,2.000394968196349,0.4696598475567863
0.9447593668331385,2.004066202502965,0.4735549931377073
0.94452745137065,2.010458624620673,0.4703644242801958
0.9442835855558868,2.01592487348432,0.4723337065425287
0.9440359240398908,2.0237974365727824,0.4778171563156561
0.9438100253619616,2.027042931406628,0.4753406916058809
0.9435921139399391,2.0337853135412485,0.4789084740943035
0.9433777402114759,2.0417530078797865,0.47903669600001236
0.9431707582454976,2.0466819279526085,0.4847675118091551
0.9429629549300348,2.0521830823890017,0.4810862414492161
0.9427594105770482,2.0566828266891455,0.4829903125603971
0.9425292181863621,2.0657014862257594,0.4898440844863967
0.9422869363233136,2.0724518261075344,0.4848748887729157
0.942022687684673,2.078240182873053,0.4892418753311537
0.9418009022794525,2.081569957483581,0.4879547875686487
0.9415660294780033,2.0899963074308476,0.4950579946586892
0.9413645349121199,2.0979158935706788,0.4899239183487764
0.9411556679308355,2.1029938405447592,0.49027899633258315
0.9409497725271024,2.111291600532323,0.49509815926117634
0.9407422004566985,2.1121877513766645,0.49488243685402744
0.9405187629323511,2.117829070677712,0.49122989195172967
0.94027988962616,2.1227221808883385,0.4913702916354533
0.9400090700089833,2.128033977114031,0.4950284877237871
0.9398027802791351,2.136329385949026,0.49066384808664215
0.9395747208873242,2.1408504714801753,0.4945698396662182
0.9393671364883679,2.1476257697507535,0.49537497655516155
0.9391571259602138,2.1508938718208337,0.4992638470903755
0.9389497611942251,2.1583396102891856,0.4941203154368504
0.9387477596157475,2.161548390971386,0.49411334194145
0.9385153801565947,2.1704755364157227,0.5008957729642565
0.9382801192964993,2.1739637425377834,0.49847305521520163
0.9380130822381663,2.184712126933183,0.5014260430765077
0.9377951801740021,2.1900391152216243,0.5006722157414693
0.9375739500441099,2.19397639148425,0.5052475843636708
0.9373594468742806,2.1994097242119395,0.5015215436255629
0.9371356019777738,2.2058050400558855,0.5064835357067374
0.936957812104379,2.2107822491853044,0.5090685821935211
0.9367393642158649,2.2158100985238893,0.5146690710386606
0.9365196692335118,2.224340984331505,0.5089614477888462
0.9362722192092806,2.228982521217312,0.5087183657859929
0.9360155449425833,2.2408088186363795,0.5142412073655808
0.9357909213196652,2.24759442580668,0.5100331572486976
0.9355653994072376,2.250005261478743,0.5136673914266752
0.9353515095746144,2.257092901325139,0.5139925936314622
0.9351416277669974,2.2599613074585903,0.5159514122062285
0.9349468213272665,2.2661187951773476,0.5132790992833292
0.9347370962756814,2.2706718925550047,0.5165647069951075
0.9345173986907164,2.2806968453908953,0.5236278413200538
0.9342660068014115,2.284321960935593,0.5210953877557671
0.9340132699519181,2.291729719247072,0.525286339224278
0.9337882547836922,2.2997979705723814,0.5267982949283208
0.9335607805059314,2.303158310166299,0.5290971403281604
0.9333599545529819,2.3093684275310107,0.5247871322116828
0.9331341984422962,2.3141327669240446,0.5270020677576389
0.932931922069875,2.3223961639125323,0.5317625248801772
0.9327305852825215,2.325302550202858,0.5338885594486881
0.9325037764379083,2.336184407720986,0.5357422956933455
0.9322661152485668,2.3391271464471775,0.5322501536764873
0.9320029138211318,2.345958148947837,0.5349750889986702
0.9317783921329091,2.353784050700712,0.5287748381223454
0.9315554550048158,2.356545750679136,0.5330923303300208
0.9313445144314609,2.3635420572911436,0.5355175119645712
0.9311216645351519,2.367009103040089,0.5392546443684569
0.9309231444816461,2.3755237116376158,0.5344993218466786
0.930719270449913,2.38003720113739,0.5383832653043313
0.9304929528558951,2.391858072819761,0.5472411982500552
0.9302490015214798,2.396182927540393,0.5442280245490396
0.9299987119440253,2.4031517437531393,0.5474073878595161
0.9297709619445179,2.411219814220559,0.547156907679051
0.9295499418696125,2.414846014912596,0.5508882079761315
0.9293428176678821,2.4198655447882462,0.5467344998064609
0.9291360379353653,2.4258671330059296,0.5482471046472025
0.928933645783961,2.4316310739563147,0.5512820626612143
0.9287195526458034,2.435533987219864,0.5522924812028263
0.9284942181753955,2.445876164794599,0.5533461795476449
0.9282476089235203,2.4475364402236717,0.5514021678714044
0.9279998261284663,2.459639450214251,0.559479826328038
0.927777603796233,2.467072528630312,0.5556214263500174
0.9275591045823972,2.4704129738563427,0.5609634500244267
0.9273308211390998,2.4751579614551598,0.5611793258615969
0.9271277416054722,2.479366524552601,0.5659889959995117
0.9269135323929777,2.489444107034446,0.5656696591308545
0.9267033377333523,2.490212029634864,0.564764912625785
0.9264849753786237,2.4991030035012254,0.5702487570268934
0.9262392622102179,2.5029068066411218,0.5673607230955162
0.925986616660595,2.50979966254012,0.5704664373480303
0.9257534665872833,2.51764708638189,0.5695196112028411
0.9255337858366776,2.5222571539948584,0.5720846983472545
0.9253162001514318,2.5294771818166444,0.5678676363236803
0.9251017352949374,2.5355013772705624,0.5721136047353373
0.9249040325524653,2.5435350847389055,0.5782656567291296
0.9247081237014158,2.54447012002957,0.5778929283398326
0.9244892801416953,2.5555946888359142,0.5796345482894656
0.9242335039724872,2.565295363475255,0.5811635187353106
0.9239849229845016,2.5693628574185925,0.5839583528495743
0.9237494400371739,2.5753908508881977,0.5806621613440395
0.9235356889312979,2.5777980694024625,0.5845933621774878
0.9233133775681491,2.583420760340853,0.5846207011392669
0.923105164366702,2.5888627742472567,0.5887081764804829
0.9229106357968913,2.5987620308496826,0.5874564305988004
0.9226954028956446,2.600914420597111,0.5849730340429157
0.9224839550853535,2.610713301070655,0.5915768440558623
0.9222489400567766,2.6150376132176176,0.5887140935154768
0.9220059402242543,2.6239428748572786,0.5949170504878274
0.9217565666246078,2.632865498854368,0.5967151413583314
0.921544241279668,2.6362511585528683,0.599216111606344
0.9213186687487899,2.643643543943707,0.5952437796396567
0.9210994421696086,2.649058248308739,0.5988472704446163
0.9209069968935293,2.656936417991788,0.6052206873811554
0.9206915950393738,2.660063450907764,0.6026137551487603
0.9204693521109738,2.6675030402078606,0.606347227857256
0.9202231107528897,2.6765265829075013,0.6068829701172019
0.9199772845045281,2.681312082673651,0.6093718761306857
0.9197403150697159,2.686924283854429,0.6054999396602772
0.9195105946351613,2.6885520048633236,0.6082074659340934
0.9193025326697589,2.696225805130811,0.6067477793429241
0.9190859365741022,2.6999279661365962,0.6084616899801675
0.9188785104975612,2.7092399771705917,0.6113696067694528
0.9186743978017916,2.7105674740822896,0.6098890030919254
0.9184568006668841,2.7236362652048127,0.6165127586749949
0.918220814803609,2.7263039190805007,0.613989196302012
0.9179694026775631,2.73298878840614,0.6162176593408516
0.9177270413160298,2.7424006329953476,0.6172205898211512
0.9175097841099984,2.746717710826715,0.6223513239557465
0.9172945074393684,2.75878274066042,0.6234794867461858
0.9170922540655703,2.760025234363876,0.6220986536356962
0.916885652792012,2.767058797701199,0.6253148274502632
0.9166851037820591,2.771544073370152,0.620939857504509
0.9164657117083639,2.7775293843777464,0.626791782083794
0.9162178836188999,2.7877189178934256,0.6257382297459858
0.9159806582304655,2.7908712709139842,0.6271231831102422
0.9157350058263473,2.797113942698874,0.624089453726049
0.91551682924237,2.8014219776357474,0.6274226998292516
0.915292369807524,2.8100579418773814,0.6337425722195098
0.9150865442712631,2.813772762935458,0.6305662078750864
0.9148861833201672,2.821310015496089,0.6333149883007582
0.9146696684058816,2.8265928744594007,0.6312073357571407
0.9144575402094144,2.835796732475249,0.6358394877410704
0.9142115294780218,2.8382907627766554,0.6335662117867303
0.9139517195217729,2.845668317820524,0.6374422275710032
0.9137135676256277,2.853617022080625,0.6392113498202732
0.9134929384228123,2.8543567308502222,0.6405009436688501
0.9132765275601411,2.863514650962042,0.6464410876894169
0.9130651677091737,2.866135281786362,0.6436475034888461
0.9128678657134184,2.87840106387783,0.6498274727674271
0.912652596392138,2.8828194221275294,0.6456786250243907
0.9124310612704577,2.8887171979164226,0.6471272341112159
0.9121929141244416,2.895228081952,0.6471028444799364
0.9119466998765201,2.9006194556492386,0.6505788506849624
0.9117130051217902,2.907650486976103,0.6469487842320356
0.9114942619768169,2.912303960482642,0.6504363609626774
0.9112847302223563,2.921920174487411,0.6568051106515002
0.911068853063021,2.924508250891552,0.6549706791166645
0.9108688226763476,2.9317841638013102,0.6600543786290808
0.9106563934530931,2.9362513536812753,0.6580160488928394
0.9104467707626331,2.943057036077353,0.664676680703079
0.9102044614994363,2.949146521229517,0.6585542435564615
0.9099449599639868,2.9532664639609183,0.6638158353874872
0.9097111016792372,2.9634975947912694,0.6651963880892071
0.909497091192443,2.9678743557262965,0.6666624616055177
0.9092868068038515,2.979335320207812,0.6679036154306662
0.9090756729909745,2.9811475162643815,0.6659975960097105
0.9088679867532391,2.991680679770826,0.6733099818643545
0.9086598729956011,2.9961334010196015,0.6701013877945053
0.9084459625734489,3.003557617399059,0.6734717362763172
0.9082031826583825,3.0106291608932554,0.6735257039210056
0.9079681863999597,3.0145411170512983,0.6757126860312592
0.9077152144635773,3.020540173258523,0.673337106025543
0.9074938636555373,3.026045487426384,0.6744386005881339
0.9072806345367294,3.0367251458236306,0.6808148695287183
0.9070656392309985,3.0397563240579712,0.6780133000191412
0.9068558962993799,3.048743152605967,0.6799608897637278
0.9066464622544164,3.05814595430068,0.6808722122924776
0.9064265485255322,3.0629097511200443,0.6836919121441916
0.9061865025758177,3.067045971061535,0.6785681425895493
0.9059434475876009,3.0740686829254646,0.6823189768246367
0.9057068071900468,3.086855335739779,0.6877616201944715
0.9054892609666457,3.089682144558559,0.6863844111010957
0.9052750326318811,3.0972691330389064,0.6871616809575708
0.9050774383174414,3.099694437342159,0.6846769987189383
0.9048563178853921,3.1099762083816747,0.6893598235723245
0.9046414304705205,3.1120994800088324,0.6872592827788528
0.9044409455454333,3.1208927906146595,0.6913173102651826
0.9041990230105227,3.128430947464739,0.6907140925451446
0.903958961292309,3.130301018046069,0.6932696873402587
0.9037022360995473,3.13798566978695,0.6913741490064159
0.9034897146145092,3.145411694745306,0.6916788019281394
0.9032709635580743,3.1560624158801716,0.699713308052357
0.9030573036755283,3.1617431622012133,0.6954196445236631
0.9028648181478296,3.169925173139255,0.6995522571845302
0.902649690708666,3.1791199882606094,0.7010679700928083
0.9024428325154947,3.182335641542625,0.7037530838623473
0.9021939270586632,3.1859763108658528,0.6996616277912504
0.9019617059700448,3.194362691219456,0.7072995416830501
0.9017088133598147,3.2058761044890356,0.7111036360269405
0.9014817088147143,3.210283611265342,0.707903953492276
0.9012600501978077,3.2180840120557432,0.7098386011921588
0.9010520206439282,3.2202506895764715,0.7077088299414106
0.9008411418978823,3.2318237859497114,0.7135090173826341
0.9006259247482532,3.2349562446023836,0.7093384565815585
0.9004189415272932,3.244668313288786,0.7150860389144102
0.9001734383715081,3.253803445306481,0.7157657174545005
0.8999215131023429,3.2572180422673616,0.7184624003012576
0.899692412254225,3.2642823514459636,0.7153185465363886
0.8994661292334839,3.268351653968199,0.7171315868488759
0.8992531589293292,3.279168764361752,0.7236340802603061
0.8990414494463199,3.283538290981184,0.7200322986893557
0.8988427857336798,3.293055033146521,0.7226156206405199
0.8986340763297117,3.3029931741952705,0.7249227784459373
0.8984150178431632,3.3068382129340588,0.7266780783628437
0.898178130190555,3.3091730882923724,0.724439790902295
0.8979343022936568,3.3142135976832487,0.730255607363503
0.89770250619662,3.3217843089535064,0.735900727887598
0.8974801204473558,3.3259313803683894,0.7330520363452407
0.897253015075279,3.3347210738164192,0.7353347097024092
0.8970352711380108,3.3415394162647876,0.7343289033192969
0.8968436448635903,3.35019346629541,0.7378895302593256
0.8966362461787374,3.3532354960031436,0.7343762317794253
0.8964124729813665,3.359178486264506,0.7363056880167943
0.8961803685524291,3.3699901709213633,0.7371808106377301
0.8959301574834515,3.375444844880058,0.740026110139344
0.8957112348739815,3.382377127799049,0.7373872647549047
0.8954693541709481,3.3881899003797007,0.7409829799024652
0.8952534992132608,3.3962236078480434,0.7471509827609678
0.8950244159304647,3.3996146932832403,0.7443045797049138
0.8948272368431962,3.411685148853642,0.7475484097502162
0.8945971722673266,3.422768120345314,0.7486234800848482
0.8943985388051741,3.428063639360917,0.752882927745249
0.8941565447298891,3.430989920019129,0.7497524300298349
0.8939148654306316,3.4394468349497846,0.7541913468405437
0.8936693048850827,3.453859400194095,0.7576214461270016
0.8934361497250173,3.458339250126352,0.7542722063724923
0.8932285567477048,3.468454631907181,0.7562359569878551
0.8930167628894856,3.4768609066286715,0.7559994363672613
0.8927775421457312,3.4814691656627406,0.7588924104513509
0.8925669936625518,3.4852979271914406,0.7541133585884755
0.892373025881469,3.4905645089446633,0.7572196039528322
0.8921277319663876,3.501882595693175,0.7613304505426786
0.8918902517990649,3.5069737452932177,0.7602628353473168
0.8916460398391778,3.5086358293011886,0.7578016484749076
0.8914255688963899,3.513551546748049,0.7591401922672845
0.8912203267603483,3.5235909682151303,0.7660489664502049
0.8909950924057845,3.5283095505620254,0.7624316233495604
0.8907933135925198,3.533241545218975,0.7665277579234044
0.8905928229463048,3.54551275304714,0.7679995437924151
0.890371366071388,3.5535428433576857,0.7723821249975643
0.8901446950935629,3.5560224050279015,0.7690000711781334
0.889886114810126,3.5633453409890277,0.7707100476239402
0.8896451526658936,3.5740557452275525,0.7776131505795499
0.889427603526956,3.578414420373592,0.7760195268505087
0.8892018160084085,3.5853955349228497,0.7754432087110659
0.8889917826666177,3.5963844603117865,0.7759241891620248
0.888772909855249,3.6047816921387823,0.7814714468331913
0.888567059419832,3.6083681040950464,0.7768986495834499
0.8883557363578045,3.612623690243856,0.7805567557853899
0.8881207928227025,3.6234245234273192,0.7847373501467282
0.8878679986245288,3.631257478637899,0.7818177748297686
0.8876237336916438,3.6379456034055555,0.7825127340182528
0.8874050277447817,3.6431018618459534,0.7815960968759991
0.8871771448307567,3.651951238397643,0.7868120248320255
0.886976699693248,3.656020540919879,0.7827296659263497
0.8867595865843626,3.660587202639278,0.7877227582188499
0.886553329243533,3.6684490951122375,0.7881710289197955
0.8863494291764116,3.675459146923876,0.791946707572077
0.8861163775773494,3.6785897969976493,0.7884070605857868
0.8858641459931177,3.684623216203951,0.7884801848217989
0.8856281295959014,3.697825842164983,0.7968153904826335
0.885403259502651,3.703323922017248,0.79617003420951
0.8852040464315901,3.7095852221647947,0.7990681092357241
0.8849793769240044,3.720326372244599,0.8006040912139298
0.884776290414537,3.7270560943269286,0.8048234482117981
0.8845744651453148,3.731443706735348,0.7993099459708795
0.8843562876767144,3.737406591364598,0.8046031883586879
0.8841214562359343,3.7476124020903656,0.8100399577608556
0.8838809514430562,3.7515569126685864,0.80907819135542
0.8836333453498177,3.7570875469410296,0.8129255770094379
0.8834005780891242,3.763061283043672,0.8135947006213591
0.8831910517183861,3.770926792674429,0.8194959616840383
0.8829798788279387,3.7761608200074743,0.8154335325450848
0.8827631597876876,3.783246832132861,0.8144765487442722
0.8825612806807386,3.794257460468583,0.8149778171608775
0.8823407665667857,3.804662214873215,0.8199592358418684
0.8820986757004836,3.8085199136642944,0.8151816970687416
0.8818600151589643,3.814658230446726,0.8175379191719847
0.8816189073495875,3.8230771652205067,0.8230979986889351
0.8813854518618139,3.831250133264056,0.8208213541270164
0.8811683681720918,3.8382873137591758,0.8219825439955022
0.8809636875883015,3.849156872940793,0.8247787184511033
0.8807491199781594,3.855893829338716,0.8282397462682165
0.8805494620890492,3.859548967293134,0.8240364622918718
0.8803321124406817,3.863133570670499,0.8294371743518025
0.880094233733619,3.8757737285940137,0.8350224719272069
0.8798651519114515,3.8840371255825006,0.8335277853672732
0.879611403325914,3.891237078178509,0.8351897360329598
0.879395113508355,3.8989380071294786,0.8343391937738025
0.8791817806088095,3.9076390802114678,0.840925059320144
0.8789633604541932,3.910827604810003,0.8386384642083591
0.8787601462844886,3.9164360079750935,0.8384233656636978
0.8785458369699181,3.924467906864538,0.8381724588960774
0.878329672810116,3.9313567838899584,0.8399969374028239
0.8780991369709402,3.93416731549865,0.8375436281670162
0.8778645364968299,3.9476864427669667,0.8446568385780345
0.8776101830140125,3.954832137996014,0.8503218544985405
0.8773877312553661,3.962458915212133,0.848193516825072
0.8771806000542518,3.968479674366144,0.8479728395571625
0.8769704078120704,3.9776744894874985,0.8490362309737625
0.8767506080719102,3.9861277872603567,0.8535588514743845
0.8765464299983367,3.9926151597702497,0.8456323062517336
0.8763283440495958,3.9951634474386193,0.850090550463121
0.8760980443714992,4.007530509948419,0.8550369097888971
0.8758668704870348,4.013960007933552,0.8534564478719867
0.875606029775544,4.020313545604936,0.8562646581141092
0.8753783079424001,4.029412506044656,0.8570359248119979
0.8751592903558599,4.034803879741894,0.862262075218449
0.874947772069646,4.041864571762698,0.855229785688769
0.8747382370654012,4.047142004989312,0.8607494001662227
0.8745405718391365,4.058919470778113,0.8630636991995123
0.8743248777581997,4.06859536788654,0.8643206965319364
0.8740946451421706,4.07286542266654,0.8591734029637682
0.8738500641649818,4.082134389522745,0.8643087118380685
0.8735990635543615,4.090479172561676,0.870234293467217
0.873383651223516,4.095980869571739,0.8698219143230852
0.873166334869288,4.101701404628553,0.8694642256865919
0.8729509504511536,4.112853102118379,0.8736485512999221
0.8727401592497332,4.118334904760555,0.8736447088486933
0.8725318003331776,4.12543900267493,0.865487874075774
0.8723274234618876,4.128526246855134,0.870893570903301
0.8720849835003712,4.144470678426703,0.8764200657803866
0.8718528737308149,4.150712084206364,0.8749055117427049
0.8715942916226489,4.159187084926007,0.8768011615370384
0.8713664591894456,4.16987036048105,0.8773862703753803
0.8711489879400861,4.175444400647065,0.8830029893119176
0.8709432022648778,4.18011776852149,0.8792444952508417
0.8707277172922917,4.186554500822218,0.8826591863750529
0.8705219212580416,4.199484031369535,0.8878197771293185
0.8703157861067566,4.204716250123682,0.8875197033119026
0.8700829627776993,4.209447492522869,0.8813829342213994
0.8698445819080534,4.222100310498674,0.8866917810907207
0.8695941767984375,4.23101298731182,0.894156386054354
0.8693836701413722,4.235348150932174,0.8906756777937891
0.8691522911337775,4.241484659135708,0.8929467177567465
0.8689410187275677,4.252162508954054,0.8941434265638493
0.8687284754067541,4.258955531297841,0.8983057336187599
0.8685102138567331,4.264498825622575,0.8921178872885421
0.8683070073532592,4.267045304712045,0.896594912990641
0.8680759728834776,4.282548443032315,0.9037205663699037
0.86782897177897,4.290252989141082,0.9028477817859685
0.867583244983306,4.297094843115134,0.9033294084546878
0.8673556910974946,4.307671412515149,0.9055845664625882
0.8671439414279095,4.3136668515645775,0.9104923166492115
0.8669346602779544,4.319253551782883,0.9052470596271012
0.866716819142409,4.3237261673995455,0.907457623430902
0.8665101446998499,4.337959683332877,0.9128480661422994
0.8662967039612194,4.344217366322628,0.9102718592344952
0.8660622893500262,4.348225177162305,0.9051465694420845
0.8658228074616752,4.35961198990897,0.9122067949476507
0.8655783567158003,4.368530092458813,0.9195669396818547
0.8653532633845255,4.37262652366453,0.9163018220443951
0.8651318534344916,4.379618489687181,0.9194248803959317
0.86491578822617,4.394110632403038,0.9254451749085035
0.8647079825904115,4.398467498970178,0.9262194300187973
0.8644883303200401,4.405696388828567,0.9187360804775597
0.8642890104696807,4.414907481160011,0.9255349816088031
0.8640683700328468,4.422901399892582,0.9305912993576458
0.8638260084789596,4.430699992104085,0.928889112623242
0.8635800659313518,4.435999128277486,0.9301616683229765
0.8633584016205617,4.446922944826066,0.9328350186706111
0.863131043577191,4.45361649533042,0.9356916725761122
0.8629182705866321,4.456020096686887,0.9322753502154876
0.8627081387098697,4.461454876277695,0.9374399460652832
0.8624980619555062,4.47378215005172,0.9402848703732262
0.8622906515512443,4.480446763293694,0.9398038393415828
0.8620614771440259,4.484776501177354,0.934708467722552
0.8618126377936782,4.495609888780995,0.9413642604331305
0.8615615657488437,4.505786762244383,0.9497864085986574
0.8613342839151638,4.511301119306737,0.9452460601563049
0.8611263998124324,4.517446670404762,0.9445018448851507
0.8609088093331828,4.532635115996645,0.9516055149574764
0.860706331932587,4.539451649866115,0.9483941102694186
0.8604898823396379,4.542412293523404,0.944729497979646
0.8602804461874896,4.554994576922157,0.9511474592828045
0.8600410394959095,4.560803732345011,0.9560286166584147
0.859821985610317,4.568016344993313,0.9545076489155209
0.8595567399685873,4.575482158687443,0.9551814845708013
0.8593401700484757,4.5871004695331505,0.9574655195394934
0.8591190979742124,4.5952806718922945,0.9632104291445461
0.8589074536932796,4.601145893261012,0.957009427254346
0.8586898607374103,4.604318140649457,0.9625463272859612
0.8584852545903865,4.616319870221703,0.968941264589426
0.858278324726318,4.623069486671919,0.9668095624766075
0.8580499690881459,4.630710732519227,0.9685613287875984
0.8578283368458185,4.637793127486817,0.9676986434703527
0.857570941566452,4.646758253088028,0.9745626048718823
0.8573361415321064,4.6509053245029115,0.9713478407851525
0.8571276797817458,4.658542953192424,0.9720581990511539
0.8569113392590189,4.674733351494227,0.9777071420479021
0.8566943509852517,4.679808223884179,0.9766223068991612
0.8564820500790442,4.683307824053302,0.9721660752598578
0.8562709539774377,4.69482485448068,0.977907879694408
0.8560443265466078,4.701397230198816,0.9839989868400955
0.8558006104585133,4.709081881939696,0.9823519773044082
0.8555547037776555,4.714435275480059,0.9860609985638704
0.8553296588479661,4.7332209845016,0.9937760772176227
0.8551106854065829,4.740203907629756,0.9929788110710587
0.8548967284120113,4.743851811268579,0.9880063802296334
0.854666337316121,4.747521417854187,0.9943993578932699
0.8544636288089201,4.76166450484258,1.0014365839678114
0.854260734364724,4.768766794178055,0.9983580365081798
0.8540344232678457,4.779529647204646,0.9974979620029001
0.8537934547139675,4.78679470864101,0.9987606128949162
0.8535433344023439,4.797045733839248,1.00765543161198
0.8533136181479755,4.802301464119077,1.0032139615809534
0.8531041206935808,4.809910155546209,1.0032683778382463
0.8528857571866734,4.822913837828376,1.0073343184671213
0.8526789139367289,4.826782388092848,1.0067285724682737
0.8524600184879276,4.830404971627089,1.001986774047993
0.8522626963678569,4.840985158184902,1.0076884823337575
0.8520456007770251,4.848998971285359,1.0151762313860493
0.8518060582449305,4.856940441229865,1.013954390231553
0.8515660744412739,4.864113265142393,1.0139549865499056
0.8513222179986212,4.879885881718579,1.0205553072583486
0.8511119992794381,4.886235802232165,1.0184219394379213
0.850893854914095,4.888413331226286,1.0162951799007187
0.8506827036032697,4.892800943634707,1.0190516434658217
0.850456067588551,4.906717958260753,1.0233505745808371
0.8502702808154109,4.913840141964116,1.0215591596711997
0.8500417883088311,4.921331275762827,1.0221606376366348
0.8497916861829402,4.929258277076142,1.0215484390229532
0.8495522547564076,4.9410411686016396,1.0311937429045774
0.8493078545096527,4.9439855350488395,1.0287273350452206
0.8491017273549963,4.951230702117318,1.0297602081408086
0.8488838452059301,4.967256519739332,1.0378747219110265
0.8486740004125836,4.9743027431289475,1.0355836994907448
0.8484517532054275,4.976556232436816,1.0328745422832981
0.8482509060631712,4.9896069377703505,1.0403881217569142
0.848009637338911,4.996682098422346,1.0471950924592697
0.8477848582427838,5.002154858170028,1.04569726850242
0.8475406630878008,5.007316542347122,1.0492223164129928
0.847307753550999,5.022577331094957,1.0553289499666583
0.8470858226500173,5.02929981886169,1.0530894262611177
0.8468781164474404,5.033607853798564,1.047958887216323
0.846668774327241,5.037056813758522,1.0539396442011268
0.8464463824434776,5.052625060919147,1.0605155285441394
0.8462498137941231,5.062402238445906,1.0581806571687453
0.8460308054085832,5.071040011266439,1.0561886128062548
0.8457994831971029,5.077820373557934,1.0559419020472467
0.8455423981255545,5.089142077464242,1.062068760584778
0.8453093842689824,5.09157461608309,1.059781965893956
0.8450938981620347,5.099680666707385,1.0657824637874513
0.8448770409772511,5.115417111705596,1.0724786406333335
0.8446784982918405,5.121530108383444,1.071239941851428
0.8444557500497848,5.130256501570017,1.0702247316251163
0.8442537900461484,5.1379375361531,1.0699624948311535
0.8440271400600995,5.144916842123458,1.0764607543793314
0.8437941147729358,5.152547236497376,1.0736894596807296
0.8435470811603117,5.159725486146599,1.0756701865052984
0.84330112471963,5.176340900489614,1.0818860170136928
0.843081488440525,5.183358186616847,1.0818150779408793
0.8428651188071565,5.188776688997567,1.0746763743675862
0.8426603752044023,5.197893735226274,1.0824131462268567
0.8424380486592348,5.208578819360216,1.088596944779291
0.842225829269805,5.217661502589847,1.0854670698675164
0.8419997817419446,5.224619105613421,1.0899886445034945
0.84177153300703,5.241520275422441,1.0978854051583404
0.841540986977541,5.248242763189175,1.0957867584549266
0.8412963990008674,5.248242763189175,1.0957867584549266
0.8410816305627841,5.255455375837476,1.0957975766171764
0.8408565904531994,5.271884506553916,1.1036827055934628
0.8406534059473042,5.279831402235119,1.101752695451303
0.8404361622263147,5.287393070610883,1.103624592796138
0.8402259874359701,5.294325353529874,1.103460744123761
0.8400196917686906,5.30260502772845,1.111661081508718
0.8397821556086028,5.308517272148534,1.1102103840967439
0.8395479607901938,5.316274267045364,1.1086514040323272
0.8393047317849476,5.331547715845491,1.1149896922942841
0.839085845437518,5.337682415470124,1.1135361346403976
0.8388734201067538,5.3391238528524445,1.112109686427744
0.8386622707824873,5.349255511843364,1.1165361973098857
0.8384441283142611,5.359879104294746,1.1253146537312924
0.838243383753912,5.367950791919966,1.1220626631003914
0.8380185685359579,5.3752465991976095,1.1251604636416432
0.8377845537657211,5.3918348848571425,1.133207498311158
0.8375421819528004,5.398589927044053,1.1318607070452338
0.8373006500366199,5.398589927044053,1.1318607070452338
0.8370832138858934,5.4098302448999185,1.1315482962774515
0.836870961550066,5.427187176591429,1.141083722748792
0.8366565534696665,5.437772788885939,1.1368472927072562
0.8364384190865098,5.4459801199285645,1.141454233233603
0.8362341896983498,5.454932585477483,1.141360613905359
0.835995349514752,5.460665780586589,1.1470164391864583
0.835765867593847,5.467480505877161,1.1452835120140201
0.8355225536709643,5.475588365080354,1.1449440922278875
0.835287889617864,5.4926287954645785,1.1532706859441435
0.8350677716535504,5.499828748060588,1.15168249317875
0.8348569881283642,5.502169049155598,1.149358585767871
0.8346483319975398,5.51684385834023,1.1526178560533555
0.8344242353791954,5.5244959556609325,1.1603482325048355
0.8342235691107345,5.533385120948394,1.1568624897740563
0.8339914647254038,5.540722525540711,1.157711667413888
0.8337780107849536,5.555968845657355,1.1650510494257906
0.833526441054495,5.562826976841496,1.1621726905692564
0.8332875694691736,5.562826976841496,1.1621726905692564
0.8330696443849774,5.574316878585392,1.1660942594328583
0.8328575589832337,5.589391383706653,1.1740212186581114
0.8326427331821052,5.597871810162993,1.1705825614321888
0.8324295225665697,5.606366705250523,1.1727652535005
0.8322260862504788,5.615154590119655,1.1724915437948042
0.8320003064649655,5.623687465364058,1.1810116953261605
0.8317665512004043,5.629992171405175,1.1798862361863145
0.8315292211961097,5.638400254705564,1.1808452144052946
0.8312917946726444,5.656111667861234,1.1903839171931385
0.831067420007961,5.665411380558717,1.186365507106984
0.8308679428062817,5.666990269937345,1.184782395283782
0.8306488622909526,5.676678827098063,1.1854281806866271
0.830429618742399,5.686450578888126,1.1936597753518887
0.8302225220997339,5.694797170505956,1.1917573701733468
0.8299952823685721,5.704154757728201,1.1951787868170822
0.8297585844299111,5.723061641535958,1.2020991299785266
0.8295160478450204,5.730791507749308,1.200789893024626
0.8292741935089661,5.7323287998132635,1.1992467612363762
0.829055864817786,5.741966716764817,1.202132525727814
0.8288390060680642,5.755438820981766,1.2111238826427122
0.8286267949339592,5.764009676383046,1.2067582096874232
0.8284066557572999,5.769270832399572,1.2099811434751706
0.8282082305348425,5.780722753986593,1.2082446442341224
0.8279851656990739,5.790293753518891,1.2154863956664932
0.827749284511906,5.794243689833808,1.215441790472588
0.8275197299881576,5.8010421379142905,1.2155071161095095
0.8272807369365375,5.817332008055526,1.2254016379049557
0.8270525547181375,5.825472421678897,1.224114492370248
0.8268464510447463,5.827993580663784,1.221583142462315
0.8266385395899427,5.843833114659225,1.2277606112661894
0.8264205785852738,5.85566483781499,1.2383413303896293
0.8262316302950482,5.864168775797013,1.2348830329732883
0.8260045005805221,5.870149746215251,1.2369551569224435
0.825768974524908,5.886680157350022,1.2450969249189177
0.82552711680536,5.893068058020483,1.242084918405398
0.825272252700985,5.895553045427395,1.2395791197765862
0.8250642972234133,5.906739105916296,1.239614735097035
0.8248483597026024,5.9183809282876885,1.2500438590896732
0.8246444502177468,5.928731425325358,1.2475513162475327
0.8244255461157586,5.936117661547942,1.2508072127337595
0.8242209001351261,5.949351033350253,1.2527486515500519
0.8239942236707738,5.963248153608413,1.2554506608364209
0.8237608695482339,5.963248153608413,1.2554506608364209
0.8235180984642304,5.973376195441534,1.258335633791942
0.8232757620721209,5.989147003438822,1.267204463263634
0.82304924207777,5.994929030178195,1.2659306234110406
0.8228374381268505,5.996582071291672,1.2642721854144174
0.8226271879596819,6.010356208184716,1.270058298457462
0.822406464261178,6.022567732909221,1.2812043798450594
0.8222066558887203,6.0306448462711355,1.279221572186934
0.8219737057133488,6.039040269519233,1.2772681508156138
0.8217470698488542,6.054717031413784,1.2846313978465027
0.8215090131123762,6.063785246012224,1.2845637814948256
0.8212762211449285,6.063785246012224,1.2845637814948256
0.8210466792614384,6.078904965605955,1.2844963202021535
0.8208359423707698,6.090861480705734,1.2950060254016995
0.820629802653161,6.1009497338030805,1.2899368273447296
0.8204169706436926,6.109075678795262,1.2927804064736323
0.8202148711674653,6.1147202535383265,1.2916953390196737
0.8199842716986193,6.130377121064995,1.299065799394999
0.8197544376037424,6.130377121064995,1.299065799394999
0.8195127834173749,6.142957595884848,1.3004012962025082
0.8192762259802467,6.159077459609599,1.311479115201527
0.8190526360130111,6.16916028697025,1.3066449042785868
0.81884743947566,6.177014945127615,1.3113352006904224
0.8186336858177298,6.187294907588231,1.3046899848316478
0.8184016100612034,6.200947869695057,1.3119204119155894
0.8182166153205869,6.206520101282172,1.3114523940695963
0.8179846177819274,6.2140365551854675,1.3147110919749865
0.8177446090663136,6.2294583074552925,1.3223276200601068
0.8175130086184101,6.240991615092759,1.3200733824904427
0.8172682974187352,6.240991615092759,1.3200733824904427
0.8170489670700593,6.252781740933852,1.3223272258514691
0.8168200455748866,6.264779853348301,1.332956198293783
0.8166214346923379,6.271704901951697,1.3316061084685404
0.8163982199198082,6.279668074842988,1.33674050947025
0.8161880179949716,6.296469772812577,1.3424539855604378
0.8159680050260156,6.304107401502089,1.3406378791714506
0.8157310212765253,6.304107401502089,1.3406378791714506
0.8155006470805652,6.316038596497284,1.3411315711578276
0.8152576470767143,6.332010156752335,1.3514354744276038
0.8150338799284054,6.347129876346065,1.3506193238076412
0.8148127622562261,6.349028884189775,1.34873007880007
0.8146222176702572,6.359444490067801,1.351456410105399
0.8143974424068948,6.375233383854077,1.360249396497566
0.8141963373755547,6.378116258618719,1.3615501263580707
0.8139663660535764,6.3877143868345,1.3636305699200446
0.8137496337445295,6.40131851731106,1.370990807089429
0.8135101603379998,6.414541037639977,1.3681192011362973
0.813264488216262,6.414541037639977,1.3681192011362973
0.8130413786107298,6.42883061951917,1.365507808143792
0.8128148331696271,6.443518088756093,1.3750980339526082
0.812616299897046,6.450133870367801,1.374812953154887
0.8123964142967238,6.45971933853129,1.3784278429281018
0.8121843663518973,6.4755353610010475,1.3866910045189265
0.8119588648518291,6.485654359939674,1.385124545160907
0.8117421183198207,6.485654359939674,1.385124545160907
0.8115096819166205,6.498773791271362,1.3859792885539268
0.8112730353408023,6.511489909508625,1.3947330370431283
0.8110329247038114,6.525649273707108,1.3939775993744261
0.8108131573335029,6.528378419265354,1.3912481558796272
0.8106012708268717,6.546330373414562,1.4013790533154735
0.810394204234182,6.563193563066705,1.4048939683778618
0.810186544384462,6.563193563066705,1.4048939683778618
0.809957344524027,6.572739242494421,1.4060241277607866
0.8097286698995062,6.588419621546771,1.4140782305194979
0.8094952169666946,6.602177481229726,1.4132635498552009
0.809257972625732,6.602177481229726,1.4132635498552009
0.8090208794609015,6.618583100420483,1.4143833878684662
0.8088079397011497,6.630713239094544,1.4250640161572135
0.8086074575913393,6.638354484941853,1.4226989539891635
0.8083866316950179,6.646914488869737,1.4227335321297363
0.8081886797268745,6.663262233535733,1.4319184446988606
0.807956493799259,6.674245733187973,1.4308310088600784
0.8077291848577446,6.674245733187973,1.4308310088600784
0.8075074526477768,6.683751623879917,1.4349480007185877
0.8072562062459049,6.696907226789583,1.4431365732139216
0.807023553839539,6.710429971215697,1.441411129063697
0.806806106289929,6.719194344559143,1.4470334944850862
0.8065991089049664,6.733910751058448,1.448533140178824
0.8063897638110766,6.746058975521496,1.449316878594567
0.8061926443457829,6.750386904826257,1.4514862009295992
0.8059655804665931,6.758444123820284,1.4525756773529916
0.8057285202786343,6.771275991107069,1.459828492100459
0.8055070530160416,6.7844044653332505,1.457952825852792
0.8052611574109146,6.7844044653332505,1.457952825852792
0.8050284324550343,6.7987320273693195,1.457562489871068
0.8048014145869286,6.816110662007614,1.4664835292068468
0.8046117438081427,6.82118191723977,1.469038444238618
0.8043845021758304,6.829519465963106,1.4706606929421757
0.8041762401525621,6.845044307230162,1.4796731673167334
0.8039593078139688,6.85326068116728,1.4765767408762938
0.8037286939493643,6.856968267909761,1.478461947514134
0.8035047713381829,6.867881232984948,1.4790330680933792
0.8032613192676206,6.88086502089923,1.4888100141031237
0.8030235100846608,6.892662381055917,1.4893682417985745
0.8028139642004579,6.895447592560026,1.4865895834390734
0.8026043417615014,6.921337399495939,1.502071580513349
0.8023885839245947,6.92950675038169,1.4988236294392658
0.8021877900921635,6.932807406871948,1.5005025019508653
0.8019705366214197,6.945934072519234,1.5001674277124557
0.8017371031109842,6.960525687074522,1.5110140288072724
0.8015074404664414,6.970991933161712,1.5066554310167264
0.8012636995293914,6.978658499113604,1.5062589947170495
0.8010211113033773,6.994559524791603,1.50932955019451
